{"cameraMode":{"drawMode":0,"name":"Shaded","section":"Shading Mode"},"sceneLighting":false,"audioPlay":false,"sceneViewState":{"showFog":false,"showMaterialUpdate":false,"showSkybox":false,"showFlares":false,"showImageEffects":false,"showParticleSystems":false},"in2DMode":false,"pivot":{"x":-0.4639040231704712,"y":0.14204725623130799,"z":0.5624861717224121},"rotation":{"x":-0.09654427319765091,"y":-0.14961250126361848,"z":0.014680574648082257,"w":-0.9839120507240295},"size":2.207106590270996,"orthographic":false}