{"cameraMode":{"drawMode":0,"name":"Shaded","section":"Shading Mode"},"sceneLighting":true,"audioPlay":false,"sceneViewState":{"showFog":false,"showMaterialUpdate":false,"showSkybox":false,"showFlares":false,"showImageEffects":false,"showParticleSystems":false},"in2DMode":false,"pivot":{"x":-0.31047582626342776,"y":1.9356030225753785,"z":457.7030944824219},"rotation":{"x":0.07053599506616593,"y":-0.3925725221633911,"z":0.03021262027323246,"w":0.9165167212486267},"size":3.707106351852417,"orthographic":false}